Time [s],Channel 0,Channel 2
0.000000000,1,1
3.758070240,0,1
3.758074240,0,0
3.763070080,1,0
3.763073920,1,1
3.768070080,0,1
3.768073920,0,0
3.773069920,1,0
3.773073760,1,1
3.778069920,0,1
3.778073760,0,0
3.783069760,1,0
3.783073600,1,1
3.788069760,0,1
3.788073600,0,0
3.793069600,1,0
3.793073440,1,1
3.798069440,0,1
3.798073440,0,0
3.803069440,1,0
3.803073280,1,1
3.808069280,0,1
3.808073280,0,0
3.813069280,1,0
3.813072960,1,1
3.818069120,0,1
3.818072960,0,0
3.823069120,1,0
3.823072800,1,1
3.828068960,0,1
3.828072800,0,0
3.833068800,1,0
3.833072640,1,1
3.838068800,0,1
3.838072640,0,0
3.843068640,1,0
3.843072480,1,1
3.848068640,0,1
3.848072480,0,0
3.853068480,1,0
3.853072320,1,1
3.858068480,0,1
3.858072320,0,0
3.863068320,1,0
3.863072160,1,1
3.868068320,0,1
3.868072160,0,0
3.873068160,1,0
3.873072000,1,1
3.878068160,0,1
3.878072000,0,0
3.883068000,1,0
3.883071840,1,1
3.888067840,0,1
3.888071840,0,0
3.893067840,1,0
3.893071680,1,1
3.898067680,0,1
3.898071680,0,0
3.903067680,1,0
3.903071360,1,1
3.908067520,0,1
3.908071360,0,0
3.913067520,1,0
3.913071200,1,1
3.918067360,0,1
3.918071200,0,0
3.923067360,1,0
3.923070240,1,1
3.928067200,0,1
3.928070240,0,0
3.933067040,1,0
3.933071040,1,1
3.938067040,0,1
3.938070880,0,0
3.943066880,1,0
3.943070720,1,1
3.948066880,0,1
3.948070720,0,0
3.953066720,1,0
3.953070560,1,1
3.958066720,0,1
3.958070560,0,0
3.963066560,1,0
3.963070400,1,1
3.968066560,0,1
3.968070400,0,0
3.973066400,1,0
3.973070240,1,1
3.978066240,0,1
3.978070240,0,0
3.983066240,1,0
3.983070080,1,1
3.988066080,0,1
3.988070080,0,0
3.993066080,1,0
3.993069760,1,1
3.998065920,0,1
3.998069760,0,0
4.003065920,1,0
4.003069600,1,1
4.008065760,0,1
4.008069600,0,0
4.013065760,1,0
4.013069440,1,1
4.018065600,0,1
4.018069440,0,0
4.023065440,1,0
4.023069280,1,1
4.028065440,0,1
4.028069280,0,0
4.033065280,1,0
4.033069120,1,1
4.038065280,0,1
4.038069120,0,0
4.043065120,1,0
4.043068960,1,1
4.048065120,0,1
4.048068960,0,0
4.053064960,1,0
4.053068800,1,1
4.058064960,0,1
4.058068800,0,0
4.063064800,1,0
4.063068640,1,1
4.068064800,0,1
4.068068640,0,0
4.073064640,1,0
4.073068480,1,1
4.078064480,0,1
4.078068480,0,0
4.083064480,1,0
4.083068160,1,1
4.088064320,0,1
4.088068160,0,0
4.093064320,1,0
4.093068000,1,1
4.098064160,0,1
4.098068000,0,0
4.103064160,1,0
4.103067840,1,1
4.108064000,0,1
4.108068000,0,0
4.113063840,1,0
4.113067680,1,1
4.118063840,0,1
4.118067680,0,0
4.123063680,1,0
4.123067520,1,1
4.128063680,0,1
4.128067520,0,0
4.133063520,1,0
4.133067360,1,1
4.138063520,0,1
4.138067360,0,0
4.143063360,1,0
4.143067200,1,1
4.148063360,0,1
4.148067200,0,0
4.153063200,1,0
4.153067040,1,1
4.158063200,0,1
4.158067040,0,0
4.163063040,1,0
4.163066880,1,1
4.168062880,0,1
4.168066880,0,0
4.173062880,1,0
4.173066560,1,1
4.178062720,0,1
4.178066560,0,0
4.183062720,1,0
4.183066400,1,1
4.188062560,0,1
4.188066400,0,0
4.193062560,1,0
4.193066240,1,1
4.198062400,0,1
4.198066240,0,0
4.203062240,1,0
4.203066080,1,1
4.208062240,0,1
4.208066080,0,0
4.213062080,1,0
4.213065920,1,1
4.218062080,0,1
4.218065920,0,0
4.223061920,1,0
4.223065760,1,1
4.228061920,0,1
4.228065760,0,0
4.233061760,1,0
4.233065600,1,1
4.238061760,0,1
4.238065600,0,0
4.243061600,1,0
4.243065440,1,1
4.248061600,0,1
4.248065440,0,0
4.253061440,1,0
4.253065280,1,1
4.258061280,0,1
4.258065280,0,0
4.263061280,1,0
4.263065120,1,1
4.268061120,0,1
4.268065120,0,0
4.273061120,1,0
4.273064800,1,1
4.278060960,0,1
4.278064800,0,0
4.283060960,1,0
4.283064800,1,1
4.288060800,0,1
4.288064640,0,0
4.293060640,1,0
4.293064480,1,1
4.298060640,0,1
4.298064480,0,0
4.303060480,1,0
4.303064320,1,1
4.308060480,0,1
4.308064320,0,0
4.313060320,1,0
4.313064160,1,1
4.318060320,0,1
4.318064160,0,0
4.323060160,1,0
4.323064000,1,1
4.328060160,0,1
4.328064000,0,0
4.333060000,1,0
4.333063840,1,1
4.338060000,0,1
4.338063840,0,0
4.343059840,1,0
4.343063680,1,1
4.348059680,0,1
4.348063680,0,0
4.353059680,1,0
4.353063520,1,1
4.358059520,0,1
4.358063520,0,0
4.363059520,1,0
4.363063200,1,1
4.368059360,0,1
4.368063200,0,0
4.373059360,1,0
4.373063040,1,1
4.378059200,0,1
4.378063040,0,0
4.383059040,1,0
4.383062880,1,1
4.388059040,0,1
4.388062880,0,0
4.393058880,1,0
4.393062720,1,1
4.398058880,0,1
4.398062720,0,0
4.403058720,1,0
4.403062560,1,1
4.408058720,0,1
4.408062560,0,0
4.413058560,1,0
4.413062400,1,1
4.418058560,0,1
4.418062400,0,0
4.423058400,1,0
4.423062240,1,1
4.428058400,0,1
4.428062240,0,0
4.433058240,1,0
4.433061120,1,1
4.438058080,0,1
4.438062240,0,0
4.443058080,1,0
4.443061920,1,1
4.448057920,0,1
4.448061920,0,0
4.453057920,1,0
4.453061600,1,1
4.458057760,0,1
4.458061600,0,0
4.463057760,1,0
4.463061440,1,1
4.468057600,0,1
4.468061440,0,0
4.473057440,1,0
4.473061280,1,1
4.478057440,0,1
4.478061280,0,0
4.483057280,1,0
4.483061120,1,1
4.488057280,0,1
4.488061120,0,0
4.493057120,1,0
4.493060960,1,1
4.498057120,0,1
4.498060960,0,0
4.503056960,1,0
4.503060800,1,1
4.508056960,0,1
4.508060800,0,0
4.513056800,1,0
4.513060640,1,1
4.518056800,0,1
4.518060640,0,0
4.523056640,1,0
4.523060480,1,1
4.528056480,0,1
4.528060480,0,0
4.533056480,1,0
4.533060320,1,1
4.538056320,0,1
4.538060320,0,0
4.543056320,1,0
4.543060000,1,1
4.548056160,0,1
4.548060000,0,0
4.553056160,1,0
4.553059840,1,1
4.558056000,0,1
4.558059840,0,0
4.563055840,1,0
4.563059680,1,1
4.568055840,0,1
4.568059680,0,0
4.573055680,1,0
4.573059520,1,1
4.578055680,0,1
4.578059520,0,0
4.583055520,1,0
4.583059360,1,1
4.588055520,0,1
4.588059360,0,0
4.593055360,1,0
4.593059200,1,1
4.598055360,0,1
4.598059200,0,0
4.603055200,1,0
4.603059040,1,1
4.608055200,0,1
4.608059040,0,0
4.613055040,1,0
4.613059040,1,1
4.618054880,0,1
4.618058880,0,0
4.623054880,1,0
4.623058720,1,1
4.628054720,0,1
4.628058720,0,0
4.633054720,1,0
4.633058400,1,1
4.638054560,0,1
4.638058400,0,0
4.643054560,1,0
4.643058240,1,1
4.648054400,0,1
4.648058240,0,0
4.653054400,1,0
4.653058080,1,1
4.658054240,0,1
4.658058080,0,0
4.663054080,1,0
4.663057920,1,1
4.668054080,0,1
4.668057920,0,0
4.673053920,1,0
4.673057760,1,1
4.678053920,0,1
4.678057760,0,0
4.683053760,1,0
4.683057600,1,1
4.688053760,0,1
4.688057600,0,0
4.693053600,1,0
4.693057440,1,1
4.698053600,0,1
4.698057440,0,0
4.703053440,1,0
4.703057280,1,1
4.708053280,0,1
4.708057280,0,0
4.713053280,1,0
4.713057120,1,1
4.718053120,0,1
4.718057120,0,0
4.723053120,1,0
4.723056800,1,1
4.728052960,0,1
4.728056800,0,0
4.733052960,1,0
4.733056640,1,1
4.738052800,0,1
4.738056640,0,0
4.743052800,1,0
4.743056480,1,1
4.748052640,0,1
4.748056480,0,0
4.753052480,1,0
4.753056320,1,1
4.758052480,0,1
4.758056320,0,0
4.763052320,1,0
4.763056160,1,1
4.768052320,0,1
4.768056160,0,0
4.773052160,1,0
4.773056000,1,1
4.778052160,0,1
4.778056000,0,0
4.783052000,1,0
4.783055840,1,1
4.788052000,0,1
4.788056000,0,0
4.793051840,1,0
4.793055680,1,1
4.798051680,0,1
4.798055680,0,0
4.803051680,1,0
4.803055520,1,1
4.808051520,0,1
4.808055520,0,0
4.813051520,1,0
4.813055200,1,1
4.818051360,0,1
4.818055200,0,0
4.823051360,1,0
4.823055040,1,1
4.828051200,0,1
4.828055040,0,0
4.833051200,1,0
4.833054880,1,1
4.838051040,0,1
4.838054880,0,0
4.843050880,1,0
4.843054720,1,1
4.848050880,0,1
4.848054720,0,0
4.853050720,1,0
4.853054560,1,1
4.858050720,0,1
4.858054560,0,0
4.863050560,1,0
4.863054400,1,1
4.868050560,0,1
4.868054400,0,0
4.873050400,1,0
4.873054240,1,1
4.878050400,0,1
4.878054240,0,0
4.883050240,1,0
4.883054080,1,1
4.888050240,0,1
4.888054080,0,0
4.893050080,1,0
4.893053920,1,1
4.898049920,0,1
4.898053920,0,0
4.903049920,1,0
4.903053600,1,1
4.908049760,0,1
4.908053600,0,0
4.913049760,1,0
4.913053440,1,1
4.918049600,0,1
4.918053440,0,0
4.923049600,1,0
4.923053280,1,1
4.928049440,0,1
4.928053280,0,0
4.933049280,1,0
4.933053120,1,1
4.938049280,0,1
4.938052320,0,0
4.943049120,1,0
4.943052160,1,1
4.948049120,0,1
4.948053120,0,0
4.953048960,1,0
4.953052800,1,1
4.958048960,0,1
4.958052800,0,0
4.963048800,1,0
4.963052640,1,1
4.968048800,0,1
4.968052640,0,0
4.973048640,1,0
4.973052480,1,1
4.978048640,0,1
4.978052480,0,0
4.983048480,1,0
4.983052320,1,1
4.988048320,0,1
4.988052320,0,0
4.993048320,1,0
4.993052160,1,1
4.998048160,0,1
4.998052000,0,0
5.003048160,1,0
5.003051840,1,1
5.008048000,0,1
5.008051840,0,0
5.013048000,1,0
5.013051680,1,1
5.018047840,0,1
5.018051680,0,0
5.023047680,1,0
5.023051520,1,1
5.028047680,0,1
5.028051520,0,0
5.033047520,1,0
5.033051360,1,1
5.038047520,0,1
5.038051360,0,0
5.043047360,1,0
5.043051200,1,1
5.048047360,0,1
5.048051200,0,0
5.053047200,1,0
5.053051040,1,1
5.058047200,0,1
5.058051040,0,0
5.063047040,1,0
5.063050880,1,1
5.068047040,0,1
5.068050880,0,0
5.073046880,1,0
5.073050720,1,1
5.078046720,0,1
5.078050720,0,0
5.083046720,1,0
5.083050560,1,1
5.088046560,0,1
5.088050560,0,0
5.093046560,1,0
5.093050240,1,1
5.098046400,0,1
5.098050240,0,0
5.103046400,1,0
5.103050080,1,1
5.108046240,0,1
5.108050080,0,0
5.113046080,1,0
5.113049920,1,1
5.118046080,0,1
5.118049920,0,0
5.123045920,1,0
5.123049920,1,1
5.128045920,0,1
5.128049760,0,0
5.133045760,1,0
5.133049600,1,1
5.138045760,0,1
5.138049600,0,0
5.143045600,1,0
5.143049440,1,1
5.148045600,0,1
5.148049440,0,0
5.153045440,1,0
5.153049280,1,1
5.158045440,0,1
5.158049280,0,0
5.163045280,1,0
5.163049120,1,1
5.168045120,0,1
5.168049120,0,0
5.173045120,1,0
5.173048800,1,1
5.178044960,0,1
5.178048960,0,0
5.183044960,1,0
5.183048640,1,1
5.188044800,0,1
5.188048640,0,0
5.193044800,1,0
5.193048480,1,1
5.198044640,0,1
5.198048480,0,0
5.203044480,1,0
5.203048320,1,1
5.208044480,0,1
5.208048320,0,0
5.213044320,1,0
5.213048160,1,1
5.218044320,0,1
5.218048160,0,0
5.223044160,1,0
5.223048000,1,1
5.228044160,0,1
5.228048000,0,0
5.233044000,1,0
5.233047840,1,1
5.238044000,0,1
5.238047840,0,0
5.243043840,1,0
5.243047680,1,1
5.248043840,0,1
5.248047680,0,0
5.253043680,1,0
5.253047520,1,1
5.258043520,0,1
5.258047520,0,0
5.263043520,1,0
5.263047360,1,1
5.268043360,0,1
5.268047360,0,0
5.273043360,1,0
5.273047040,1,1
5.278043200,0,1
5.278047040,0,0
5.283043200,1,0
5.283046880,1,1
5.288043040,0,1
5.288046880,0,0
5.293042880,1,0
5.293046720,1,1
5.298042880,0,1
5.298046880,0,0
5.303042720,1,0
5.303046560,1,1
5.308042720,0,1
5.308046560,0,0
5.313042560,1,0
5.313046400,1,1
5.318042560,0,1
5.318046400,0,0
5.323042400,1,0
5.323046240,1,1
5.328042400,0,1
5.328046240,0,0
5.333042240,1,0
5.333046080,1,1
5.338042240,0,1
5.338046080,0,0
5.343042080,1,0
5.343045920,1,1
5.348041920,0,1
5.348045920,0,0
5.353041920,1,0
5.353045760,1,1
5.358041760,0,1
5.358045760,0,0
5.363041760,1,0
5.363045440,1,1
5.368041600,0,1
5.368045440,0,0
5.373041600,1,0
5.373045280,1,1
5.378041440,0,1
5.378045280,0,0
5.383041280,1,0
5.383045120,1,1
5.388041280,0,1
5.388045120,0,0
5.393041120,1,0
5.393044960,1,1
5.398041120,0,1
5.398044960,0,0
5.403040960,1,0
5.403044800,1,1
5.408040960,0,1
5.408044800,0,0
5.413040800,1,0
5.413044640,1,1
5.418040800,0,1
5.418044640,0,0
5.423040640,1,0
5.423044480,1,1
5.428040640,0,1
5.428044480,0,0
5.433040480,1,0
5.433044320,1,1
5.438040320,0,1
5.438044320,0,0
5.443040320,1,0
5.443044160,1,1
5.448040160,0,1
5.448043360,0,0
5.453040160,1,0
5.453043040,1,1
5.458040000,0,1
5.458044000,0,0
5.463040000,1,0
5.463043680,1,1
5.468039840,0,1
5.468043680,0,0
5.473039680,1,0
5.473043520,1,1
5.478039680,0,1
5.478043520,0,0
5.483039520,1,0
5.483043360,1,1
5.488039520,0,1
5.488043360,0,0
5.493039360,1,0
5.493043200,1,1
5.498039360,0,1
5.498043200,0,0
5.503039200,1,0
5.503043040,1,1
5.508039200,0,1
5.508043040,0,0
5.513039040,1,0
5.513042880,1,1
5.518039040,0,1
5.518042880,0,0
5.523038880,1,0
5.523042720,1,1
5.528038720,0,1
5.528042720,0,0
5.533038720,1,0
5.533042560,1,1
5.538038560,0,1
5.538042560,0,0
5.543038560,1,0
5.543042240,1,1
5.548038400,0,1
5.548042240,0,0
5.553038400,1,0
5.553042080,1,1
5.558038240,0,1
5.558042080,0,0
5.563038080,1,0
5.563041920,1,1
5.568038080,0,1
5.568041920,0,0
5.573037920,1,0
5.573041760,1,1
5.578037920,0,1
5.578041760,0,0
5.583037760,1,0
5.583041600,1,1
5.588037760,0,1
5.588041600,0,0
5.593037600,1,0
5.593041440,1,1
5.598037600,0,1
5.598041440,0,0
5.603037440,1,0
5.603041280,1,1
5.608037440,0,1
5.608041280,0,0
5.613037280,1,0
5.613041120,1,1
5.618037120,0,1
5.618041120,0,0
5.623037120,1,0
5.623040960,1,1
5.628036960,0,1
5.628041120,0,0
5.633036960,1,0
5.633040640,1,1
5.638036800,0,1
5.638040640,0,0
5.643036800,1,0
5.643040480,1,1
5.648036640,0,1
5.648040480,0,0
5.653036640,1,0
5.653040320,1,1
5.658036480,0,1
5.658040320,0,0
5.663036320,1,0
5.663040160,1,1
5.668036320,0,1
5.668040160,0,0
5.673036160,1,0
5.673040000,1,1
5.678036160,0,1
5.678040000,0,0
5.683036000,1,0
5.683039840,1,1
5.688036000,0,1
5.688039840,0,0
5.693035840,1,0
5.693039680,1,1
5.698035840,0,1
5.698039680,0,0
5.703035680,1,0
5.703039520,1,1
5.708035520,0,1
5.708039520,0,0
5.713035520,1,0
5.713039360,1,1
5.718035360,0,1
5.718039360,0,0
5.723035360,1,0
5.723039040,1,1
5.728035200,0,1
5.728039040,0,0
5.733035200,1,0
5.733038880,1,1
5.738035040,0,1
5.738038880,0,0
5.743035040,1,0
5.743038720,1,1
5.748034880,0,1
5.748038720,0,0
5.753034720,1,0
5.753038560,1,1
5.758034720,0,1
5.758038560,0,0
5.763034560,1,0
5.763038400,1,1
5.768034560,0,1
5.768038400,0,0
5.773034400,1,0
5.773038240,1,1
5.778034400,0,1
5.778038240,0,0
5.783034240,1,0
5.783038080,1,1
5.788034240,0,1
5.788038080,0,0
5.793034080,1,0
5.793037920,1,1
5.798033920,0,1
5.798037920,0,0
5.803033920,1,0
5.803037920,1,1
5.808033760,0,1
5.808037760,0,0
5.813033760,1,0
5.813037440,1,1
5.818033600,0,1
5.818037440,0,0
5.823033600,1,0
5.823037280,1,1
5.828033440,0,1
5.828037280,0,0
5.833033440,1,0
5.833037120,1,1
5.838033280,0,1
5.838037120,0,0
5.843033120,1,0
5.843036960,1,1
5.848033120,0,1
5.848036960,0,0
5.853032960,1,0
5.853036800,1,1
5.858032960,0,1
5.858036800,0,0
5.863032800,1,0
5.863036640,1,1
5.868032800,0,1
5.868036640,0,0
5.873032640,1,0
5.873036480,1,1
5.878032640,0,1
5.878036480,0,0
5.883032480,1,0
5.883036320,1,1
5.888032320,0,1
5.888036320,0,0
5.893032320,1,0
5.893036160,1,1
5.898032160,0,1
5.898036160,0,0
5.903032160,1,0
5.903035840,1,1
5.908032000,0,1
5.908035840,0,0
5.913032000,1,0
5.913035680,1,1
5.918031840,0,1
5.918035680,0,0
5.923031840,1,0
5.923035520,1,1
5.928031680,0,1
5.928035520,0,0
5.933031520,1,0
5.933035360,1,1
5.938031520,0,1
5.938035360,0,0
5.943031360,1,0
5.943035200,1,1
5.948031360,0,1
5.948035200,0,0
5.953031200,1,0
5.953035040,1,1
5.958031200,0,1
5.958034240,0,0
5.963031040,1,0
5.963035040,1,1
5.968031040,0,1
5.968034880,0,0
5.973030880,1,0
5.973034720,1,1
5.978030720,0,1
5.978034720,0,0
5.983030720,1,0
5.983034560,1,1
5.988030560,0,1
5.988034560,0,0
5.993030560,1,0
5.993034240,1,1
5.998030400,0,1
5.998034240,0,0
6.003030400,1,0
6.003034080,1,1
6.008030240,0,1
6.008034080,0,0
6.013030240,1,0
6.013033920,1,1
6.018030080,0,1
6.018033920,0,0
6.023029920,1,0
6.023033760,1,1
6.028029920,0,1
6.028033760,0,0
6.033029760,1,0
6.033033600,1,1
6.038029760,0,1
6.038033600,0,0
6.043029600,1,0
6.043033440,1,1
6.048029600,0,1
6.048033440,0,0
6.053029440,1,0
6.053033280,1,1
6.058029440,0,1
6.058033280,0,0
6.063029280,1,0
6.063033120,1,1
6.068029280,0,1
6.068033120,0,0
6.073029120,1,0
6.073032960,1,1
6.078028960,0,1
6.078032960,0,0
6.083028960,1,0
6.083032640,1,1
6.088028800,0,1
6.088032640,0,0
6.093028800,1,0
6.093032480,1,1
6.098028640,0,1
6.098032480,0,0
6.103028640,1,0
6.103032320,1,1
6.108028480,0,1
6.108032320,0,0
6.113028320,1,0
6.113032160,1,1
6.118028320,0,1
6.118032160,0,0
6.123028160,1,0
6.123032000,1,1
6.128028160,0,1
6.128032000,0,0
6.133028000,1,0
6.133031840,1,1
6.138028000,0,1
6.138032000,0,0
6.143027840,1,0
6.143031680,1,1
6.148027840,0,1
6.148031680,0,0
6.153027680,1,0
6.153031520,1,1
6.158027680,0,1
6.158031520,0,0
6.163027520,1,0
6.163031360,1,1
6.168027360,0,1
6.168031360,0,0
6.173027360,1,0
6.173031040,1,1
6.178027200,0,1
6.178031040,0,0
6.183027200,1,0
6.183030880,1,1
6.188027040,0,1
6.188030880,0,0
6.193027040,1,0
6.193030720,1,1
6.198026880,0,1
6.198030720,0,0
6.203026720,1,0
6.203030560,1,1
6.208026720,0,1
6.208030560,0,0
6.213026560,1,0
6.213030400,1,1
6.218026560,0,1
6.218030400,0,0
6.223026400,1,0
6.223030240,1,1
6.228026400,0,1
6.228030240,0,0
6.233026240,1,0
6.233030080,1,1
6.238026240,0,1
6.238030080,0,0
6.243026080,1,0
6.243029920,1,1
6.248026080,0,1
6.248029920,0,0
6.253025920,1,0
6.253029760,1,1
6.258025760,0,1
6.258029760,0,0
6.263025760,1,0
6.263029440,1,1
6.268025600,0,1
6.268029440,0,0
6.273025600,1,0
6.273029280,1,1
6.278025440,0,1
6.278029280,0,0
6.283025440,1,0
6.283029120,1,1
6.288025280,0,1
6.288029120,0,0
6.293025120,1,0
6.293028960,1,1
6.298025120,0,1
6.298028960,0,0
6.303024960,1,0
6.303028800,1,1
6.308024960,0,1
6.308028800,0,0
6.313024800,1,0
6.313028800,1,1
6.318024800,0,1
6.318028640,0,0
6.323024640,1,0
6.323028480,1,1
6.328024640,0,1
6.328028480,0,0
6.333024480,1,0
6.333028320,1,1
6.338024480,0,1
6.338028320,0,0
6.343024320,1,0
6.343028160,1,1
6.348024160,0,1
6.348028160,0,0
6.353024160,1,0
6.353027840,1,1
6.358024000,0,1
6.358028000,0,0
6.363024000,1,0
6.363027680,1,1
6.368023840,0,1
6.368027680,0,0
6.373023840,1,0
6.373027520,1,1
6.378023680,0,1
6.378027520,0,0
6.383023520,1,0
6.383027360,1,1
6.388023520,0,1
6.388027360,0,0
6.393023360,1,0
6.393027200,1,1
6.398023360,0,1
6.398027200,0,0
6.403023200,1,0
6.403027040,1,1
6.408023200,0,1
6.408027040,0,0
6.413023040,1,0
6.413026880,1,1
6.418023040,0,1
6.418026880,0,0
6.423022880,1,0
6.423026720,1,1
6.428022880,0,1
6.428026720,0,0
6.433022720,1,0
6.433026560,1,1
6.438022560,0,1
6.438026560,0,0
6.443022560,1,0
6.443026400,1,1
6.448022400,0,1
6.448026400,0,0
6.453022400,1,0
6.453026080,1,1
6.458022240,0,1
6.458026080,0,0
6.463022240,1,0
6.463025120,1,1
6.468022080,0,1
6.468025120,0,0
6.473021920,1,0
6.473025920,1,1
6.478021920,0,1
6.478025760,0,0
6.483021760,1,0
6.483025600,1,1
6.488021760,0,1
6.488025600,0,0
6.493021600,1,0
6.493025440,1,1
6.498021600,0,1
6.498025440,0,0
6.503021440,1,0
6.503025280,1,1
6.508021440,0,1
6.508025280,0,0
6.513021280,1,0
6.513025120,1,1
6.518021280,0,1
6.518025120,0,0
6.523021120,1,0
6.523024960,1,1
6.528020960,0,1
6.528024960,0,0
6.533020960,1,0
6.533024800,1,1
6.538020800,0,1
6.538024640,0,0
6.543020800,1,0
6.543024480,1,1
6.548020640,0,1
6.548024480,0,0
6.553020640,1,0
6.553024320,1,1
6.558020480,0,1
6.558024320,0,0
6.563020320,1,0
6.563024160,1,1
6.568020320,0,1
6.568024160,0,0
6.573020160,1,0
6.573024000,1,1
6.578020160,0,1
6.578024000,0,0
6.583020000,1,0
6.583023840,1,1
6.588020000,0,1
6.588023840,0,0
6.593019840,1,0
6.593023680,1,1
6.598019840,0,1
6.598023680,0,0
6.603019680,1,0
6.603023520,1,1
6.608019680,0,1
6.608023520,0,0
6.613019520,1,0
6.613023360,1,1
6.618019360,0,1
6.618023360,0,0
6.623019360,1,0
6.623023040,1,1
6.628019200,0,1
6.628023040,0,0
6.633019200,1,0
6.633022880,1,1
6.638019040,0,1
6.638022880,0,0
6.643019040,1,0
6.643022720,1,1
6.648018880,0,1
6.648022880,0,0
6.653018720,1,0
6.653022560,1,1
6.658018720,0,1
6.658022560,0,0
6.663018560,1,0
6.663022400,1,1
6.668018560,0,1
6.668022400,0,0
6.673018400,1,0
6.673022240,1,1
6.678018400,0,1
6.678022240,0,0
6.683018240,1,0
6.683022080,1,1
6.688018240,0,1
6.688022080,0,0
6.693018080,1,0
6.693021920,1,1
6.698018080,0,1
6.698021920,0,0
6.703017920,1,0
6.703021760,1,1
6.708017760,0,1
6.708021760,0,0
6.713017760,1,0
6.713021600,1,1
6.718017600,0,1
6.718021600,0,0
6.723017600,1,0
6.723021280,1,1
6.728017440,0,1
6.728021280,0,0
6.733017440,1,0
6.733021120,1,1
6.738017280,0,1
6.738021120,0,0
6.743017120,1,0
6.743020960,1,1
6.748017120,0,1
6.748020960,0,0
6.753016960,1,0
6.753020800,1,1
6.758016960,0,1
6.758020800,0,0
6.763016800,1,0
6.763020640,1,1
6.768016800,0,1
6.768020640,0,0
6.773016640,1,0
6.773020480,1,1
6.778016640,0,1
6.778020480,0,0
6.783016480,1,0
6.783020320,1,1
6.788016480,0,1
6.788020320,0,0
6.793016320,1,0
6.793020160,1,1
6.798016160,0,1
6.798020160,0,0
6.803016160,1,0
6.803019840,1,1
6.808016000,0,1
6.808019840,0,0
6.813016000,1,0
6.813019680,1,1
6.818015840,0,1
6.818019680,0,0
6.823015840,1,0
6.823019680,1,1
6.828015680,0,1
6.828019520,0,0
6.833015520,1,0
6.833019360,1,1
6.838015520,0,1
6.838019360,0,0
6.843015360,1,0
6.843019200,1,1
6.848015360,0,1
6.848019200,0,0
6.853015200,1,0
6.853019040,1,1
6.858015200,0,1
6.858019040,0,0
6.863015040,1,0
6.863018880,1,1
6.868015040,0,1
6.868018880,0,0
6.873014880,1,0
6.873018720,1,1
6.878014880,0,1
6.878018720,0,0
6.883014720,1,0
6.883018560,1,1
6.888014560,0,1
6.888018560,0,0
6.893014560,1,0
6.893018400,1,1
6.898014400,0,1
6.898018240,0,0
6.903014400,1,0
6.903018080,1,1
6.908014240,0,1
6.908018080,0,0
6.913014240,1,0
6.913017920,1,1
6.918014080,0,1
6.918017920,0,0
6.923013920,1,0
6.923017760,1,1
6.928013920,0,1
6.928017760,0,0
6.933013760,1,0
6.933017600,1,1
6.938013760,0,1
6.938017600,0,0
6.943013600,1,0
6.943017440,1,1
6.948013600,0,1
6.948017440,0,0
6.953013440,1,0
6.953017280,1,1
6.958013440,0,1
6.958017280,0,0
6.963013280,1,0
6.963017120,1,1
6.968013280,0,1
6.968017120,0,0
6.973013120,1,0
6.973016000,1,1
6.978012960,0,1
6.978017120,0,0
6.983012960,1,0
6.983016800,1,1
6.988012800,0,1
6.988016800,0,0
6.993012800,1,0
6.993016480,1,1
6.998012640,0,1
6.998016480,0,0
7.003012640,1,0
7.003016320,1,1
7.008012480,0,1
7.008016320,0,0
7.013012320,1,0
7.013016160,1,1
7.018012320,0,1
7.018016160,0,0
7.023012160,1,0
7.023016000,1,1
7.028012160,0,1
7.028016000,0,0
7.033012000,1,0
7.033015840,1,1
7.038012000,0,1
7.038015840,0,0
7.043011840,1,0
7.043015680,1,1
7.048011840,0,1
7.048015680,0,0
7.053011680,1,0
7.053015520,1,1
7.058011680,0,1
7.058015520,0,0
7.063011520,1,0
7.063015360,1,1
7.068011360,0,1
7.068015360,0,0
7.073011360,1,0
7.073015200,1,1
7.078011200,0,1
7.078015200,0,0
7.083011200,1,0
7.083014880,1,1
7.088011040,0,1
7.088014880,0,0
7.093011040,1,0
7.093014720,1,1
7.098010880,0,1
7.098014720,0,0
7.103010720,1,0
7.103014560,1,1
7.108010720,0,1
7.108014560,0,0
7.113010560,1,0
7.113014400,1,1
7.118010560,0,1
7.118014400,0,0
7.123010400,1,0
7.123014240,1,1
7.128010400,0,1
7.128014240,0,0
7.133010240,1,0
7.133014080,1,1
7.138010240,0,1
7.138014080,0,0
7.143010080,1,0
7.143013920,1,1
7.148010080,0,1
7.148013920,0,0
7.153009920,1,0
7.153013920,1,1
7.158009760,0,1
7.158013760,0,0
7.163009760,1,0
7.163013600,1,1
7.168009600,0,1
7.168013440,0,0
7.173009600,1,0
7.173013280,1,1
7.178009440,0,1
7.178013280,0,0
7.183009440,1,0
7.183013120,1,1
7.188009280,0,1
7.188013120,0,0
7.193009120,1,0
7.193012960,1,1
7.198009120,0,1
7.198012960,0,0
7.203008960,1,0
7.203012800,1,1
7.208008960,0,1
7.208012800,0,0
7.213008800,1,0
7.213012640,1,1
7.218008800,0,1
7.218012640,0,0
7.223008640,1,0
7.223012480,1,1
7.228008640,0,1
7.228012480,0,0
7.233008480,1,0
7.233012320,1,1
7.238008480,0,1
7.238012320,0,0
7.243008320,1,0
7.243012160,1,1
7.248008160,0,1
7.248012160,0,0
7.253008160,1,0
7.253012000,1,1
7.258008000,0,1
7.258012000,0,0
7.263008000,1,0
7.263011680,1,1
7.268007840,0,1
7.268011680,0,0
7.273007840,1,0
7.273011520,1,1
7.278007680,0,1
7.278011520,0,0
7.283007520,1,0
7.283011360,1,1
7.288007520,0,1
7.288011360,0,0
7.293007360,1,0
7.293011200,1,1
7.298007360,0,1
7.298011200,0,0
7.303007200,1,0
7.303011040,1,1
7.308007200,0,1
7.308011040,0,0
7.313007040,1,0
7.313010880,1,1
7.318007040,0,1
7.318010880,0,0
7.323006880,1,0
7.323010720,1,1
7.328006880,0,1
7.328010880,0,0
7.333006720,1,0
7.333010560,1,1
7.338006560,0,1
7.338010560,0,0
7.343006560,1,0
7.343010400,1,1
7.348006400,0,1
7.348010400,0,0
7.353006400,1,0
7.353010080,1,1
7.358006240,0,1
7.358010080,0,0
7.363006240,1,0
7.363009920,1,1
7.368006080,0,1
7.368009920,0,0
7.373005920,1,0
7.373009760,1,1
7.378005920,0,1
7.378009760,0,0
7.383005760,1,0
7.383009600,1,1
7.388005760,0,1
7.388009600,0,0
7.393005600,1,0
7.393009440,1,1
7.398005600,0,1
7.398009440,0,0
7.403005440,1,0
7.403009280,1,1
7.408005440,0,1
7.408009280,0,0
7.413005280,1,0
7.413009120,1,1
7.418005280,0,1
7.418009120,0,0
7.423005120,1,0
7.423008960,1,1
7.428004960,0,1
7.428008960,0,0
7.433004960,1,0
7.433008800,1,1
7.438004800,0,1
7.438008800,0,0
7.443004800,1,0
7.443008480,1,1
7.448004640,0,1
7.448008480,0,0
7.453004640,1,0
7.453008320,1,1
7.458004480,0,1
7.458008320,0,0
7.463004320,1,0
7.463008160,1,1
7.468004320,0,1
7.468008160,0,0
7.473004160,1,0
7.473008000,1,1
7.478004160,0,1
7.478007200,0,0
7.483004000,1,0
7.483007040,1,1
7.488004000,0,1
7.488008160,0,0
7.493003840,1,0
7.493007680,1,1
7.498003840,0,1
7.498007680,0,0
7.503003680,1,0
7.503007520,1,1
7.508003680,0,1
7.508007520,0,0
7.513003520,1,0
7.513007360,1,1
7.518003360,0,1
7.518007360,0,0
7.523003360,1,0
7.523007200,1,1
7.528003200,0,1
7.528007200,0,0
7.533003200,1,0
7.533006880,1,1
7.538003040,0,1
7.538006880,0,0
7.543003040,1,0
7.543006720,1,1
7.548002880,0,1
7.548006720,0,0
7.553002720,1,0
7.553006560,1,1
7.558002720,0,1
7.558006560,0,0
7.563002560,1,0
7.563006400,1,1
7.568002560,0,1
7.568006400,0,0
7.573002400,1,0
7.573006240,1,1
7.578002400,0,1
7.578006240,0,0
7.583002240,1,0
7.583006080,1,1
7.588002240,0,1
7.588006080,0,0
7.593002080,1,0
7.593005920,1,1
7.598002080,0,1
7.598005920,0,0
7.603001920,1,0
7.603005760,1,1
7.608001760,0,1
7.608005760,0,0
7.613001760,1,0
7.613005600,1,1
7.618001600,0,1
7.618005600,0,0
7.623001600,1,0
7.623005280,1,1
7.628001440,0,1
7.628005280,0,0
7.633001440,1,0
7.633005120,1,1
7.638001280,0,1
7.638005120,0,0
7.643001120,1,0
7.643004960,1,1
7.648001120,0,1
7.648004960,0,0
7.653000960,1,0
7.653004800,1,1
7.658000960,0,1
7.658004800,0,0
7.663000800,1,0
7.663004800,1,1
7.668000800,0,1
7.668004640,0,0
7.673000640,1,0
7.673004480,1,1
7.678000640,0,1
7.678004480,0,0
7.683000480,1,0
7.683004320,1,1
7.688000480,0,1
7.688004320,0,0
7.693000320,1,0
7.693004160,1,1
7.698000160,0,1
7.698004160,0,0
7.703000160,1,0
7.703004000,1,1
7.708000000,0,1
7.708004000,0,0
7.713000000,1,0
7.713003680,1,1
7.717999840,0,1
7.718003680,0,0
7.722999840,1,0
7.723003520,1,1
7.727999680,0,1
7.728003520,0,0
7.732999520,1,0
7.733003360,1,1
7.737999520,0,1
7.738003360,0,0
7.742999360,1,0
7.743003200,1,1
7.747999360,0,1
7.748003200,0,0
7.752999200,1,0
7.753003040,1,1
7.757999200,0,1
7.758003040,0,0
7.762999040,1,0
7.763002880,1,1
7.767999040,0,1
7.768002880,0,0
7.772998880,1,0
7.773002720,1,1
7.777998880,0,1
7.778002720,0,0
7.782998720,1,0
7.783002560,1,1
7.787998560,0,1
7.788002560,0,0
7.792998560,1,0
7.793002400,1,1
7.797998400,0,1
7.798002400,0,0
7.802998400,1,0
7.803002080,1,1
7.807998240,0,1
7.808002080,0,0
7.812998240,1,0
7.813001920,1,1
7.817998080,0,1
7.818001920,0,0
7.822997920,1,0
7.823001760,1,1
7.827997920,0,1
7.828001760,0,0
7.832997760,1,0
7.833001600,1,1
7.837997760,0,1
7.838001760,0,0
7.842997600,1,0
7.843001440,1,1
7.847997600,0,1
7.848001440,0,0
7.852997440,1,0
7.853001280,1,1
7.857997440,0,1
7.858001280,0,0
7.862997280,1,0
7.863001120,1,1
7.867997280,0,1
7.868001120,0,0
7.872997120,1,0
7.873000960,1,1
7.877996960,0,1
7.878000960,0,0
7.882996960,1,0
7.883000800,1,1
7.887996800,0,1
7.888000800,0,0
7.892996800,1,0
7.893000480,1,1
7.897996640,0,1
7.898000480,0,0
7.902996640,1,0
7.903000320,1,1
7.907996480,0,1
7.908000320,0,0
7.912996320,1,0
7.913000160,1,1
7.917996320,0,1
7.918000160,0,0
7.922996160,1,0
7.923000000,1,1
7.927996160,0,1
7.928000000,0,0
7.932996000,1,0
7.932999840,1,1
7.937996000,0,1
7.937999840,0,0
7.942995840,1,0
7.942999680,1,1
7.947995840,0,1
7.947999680,0,0
7.952995680,1,0
7.952999520,1,1
7.957995680,0,1
7.957999520,0,0
7.962995520,1,0
7.962999360,1,1
7.967995360,0,1
7.967999360,0,0
7.972995360,1,0
7.972999200,1,1
7.977995200,0,1
7.977999200,0,0
7.982995200,1,0
7.982998880,1,1
7.987995040,0,1
7.987998080,0,0
7.992995040,1,0
7.992997920,1,1
7.997994880,0,1
7.997998880,0,0
8.002994720,1,0
8.002998560,1,1
8.007994720,0,1
8.007998560,0,0
8.012994560,1,0
8.012998400,1,1
8.017994560,0,1
8.017998400,0,0
8.022994400,1,0
8.022998240,1,1
8.027994400,0,1
8.027998240,0,0
8.032994240,1,0
8.032998080,1,1
8.037994240,0,1
8.037998080,0,0
8.042994080,1,0
8.042997920,1,1
8.047994080,0,1
8.047997920,0,0
8.052993920,1,0
8.052997760,1,1
8.057993760,0,1
8.057997760,0,0
8.062993760,1,0
8.062997600,1,1
8.067993600,0,1
8.067997600,0,0
8.072993600,1,0
8.072997280,1,1
8.077993440,0,1
8.077997280,0,0
8.082993440,1,0
8.082997120,1,1
8.087993280,0,1
8.087997120,0,0
8.092993120,1,0
8.092996960,1,1
8.097993120,0,1
8.097996960,0,0
8.102992960,1,0
8.102996800,1,1
8.107992960,0,1
8.107996800,0,0
8.112992800,1,0
8.112996640,1,1
8.117992800,0,1
8.117996640,0,0
8.122992640,1,0
8.122996480,1,1
8.127992640,0,1
8.127996480,0,0
8.132992480,1,0
8.132996320,1,1
8.137992480,0,1
8.137996320,0,0
8.142992320,1,0
8.142996160,1,1
8.147992160,0,1
8.147996160,0,0
8.152992160,1,0
8.152996000,1,1
8.157992000,0,1
8.157996000,0,0
8.162992000,1,0
8.162995680,1,1
8.167991840,0,1
8.167995680,0,0
8.172991840,1,0
8.172995680,1,1
8.177991680,0,1
8.177995520,0,0
8.182991520,1,0
8.182995360,1,1
8.187991520,0,1
8.187995360,0,0
8.192991360,1,0
8.192995200,1,1
8.197991360,0,1
8.197995200,0,0
8.202991200,1,0
8.202995040,1,1
8.207991200,0,1
8.207995040,0,0
8.212991040,1,0
8.212994880,1,1
8.217991040,0,1
8.217994880,0,0
8.222990880,1,0
8.222994720,1,1
8.227990880,0,1
8.227994720,0,0
8.232990720,1,0
8.232994560,1,1
8.237990560,0,1
8.237994560,0,0
8.242990560,1,0
8.242994400,1,1
8.247990400,0,1
8.247994400,0,0
8.252990400,1,0
8.252994080,1,1
8.257990240,0,1
8.257994080,0,0
8.262990240,1,0
8.262993920,1,1
8.267990080,0,1
8.267993920,0,0
8.272989920,1,0
8.272993760,1,1
8.277989920,0,1
8.277993760,0,0
8.282989760,1,0
8.282993600,1,1
8.287989760,0,1
8.287993600,0,0
8.292989600,1,0
8.292993440,1,1
8.297989600,0,1
8.297993440,0,0
8.302989440,1,0
8.302993280,1,1
8.307989440,0,1
8.307993280,0,0
8.312989280,1,0
8.312993120,1,1
8.317989280,0,1
8.317993120,0,0
8.322989120,1,0
8.322992960,1,1
8.327988960,0,1
8.327992960,0,0
8.332988960,1,0
8.332992640,1,1
8.337988800,0,1
8.337992800,0,0
8.342988800,1,0
8.342992800,1,1
8.347988640,0,1
8.347992480,0,0
8.352988640,1,0
8.352992320,1,1
8.357988480,0,1
8.357992320,0,0
8.362988320,1,0
8.362992160,1,1
8.367988320,0,1
8.367992160,0,0
8.372988160,1,0
8.372992000,1,1
8.377988160,0,1
8.377992000,0,0
8.382988000,1,0
8.382991840,1,1
8.387988000,0,1
8.387991840,0,0
8.392987840,1,0
8.392991680,1,1
8.397987840,0,1
8.397991680,0,0
8.402987680,1,0
8.402991520,1,1
8.407987680,0,1
8.407991520,0,0
8.412987520,1,0
8.412991360,1,1
8.417987360,0,1
8.417991360,0,0
8.422987360,1,0
8.422991200,1,1
8.427987200,0,1
8.427991200,0,0
8.432987200,1,0
8.432990880,1,1
8.437987040,0,1
8.437990880,0,0
8.442987040,1,0
8.442990720,1,1
8.447986880,0,1
8.447990720,0,0
8.452986720,1,0
8.452990560,1,1
8.457986720,0,1
8.457990560,0,0
8.462986560,1,0
8.462990400,1,1
8.467986560,0,1
8.467990400,0,0
8.472986400,1,0
8.472990240,1,1
8.477986400,0,1
8.477990240,0,0
8.482986240,1,0
8.482990080,1,1
8.487986240,0,1
8.487990080,0,0
8.492986080,1,0
8.492989920,1,1
8.497986080,0,1
8.497989120,0,0
8.502985920,1,0
8.502989920,1,1
8.507985760,0,1
8.507989760,0,0
8.512985760,1,0
8.512989600,1,1
8.517985600,0,1
8.517989600,0,0
8.522985600,1,0
8.522989280,1,1
8.527985440,0,1
8.527989280,0,0
8.532985440,1,0
8.532989120,1,1
8.537985280,0,1
8.537989120,0,0
8.542985120,1,0
8.542988960,1,1
8.547985120,0,1
8.547988960,0,0
8.552984960,1,0
8.552988800,1,1
8.557984960,0,1
8.557988800,0,0
8.562984800,1,0
8.562988640,1,1
8.567984800,0,1
8.567988640,0,0
8.572984640,1,0
8.572988480,1,1
8.577984640,0,1
8.577988480,0,0
8.582984480,1,0
8.582988320,1,1
8.587984480,0,1
8.587988320,0,0
8.592984320,1,0
8.592988160,1,1
8.597984160,0,1
8.597988160,0,0
8.602984160,1,0
8.602987840,1,1
8.607984000,0,1
8.607987840,0,0
8.612984000,1,0
8.612987680,1,1
8.617983840,0,1
8.617987680,0,0
8.622983840,1,0
8.622987520,1,1
8.627983680,0,1
8.627987520,0,0
8.632983520,1,0
8.632987360,1,1
8.637983520,0,1
8.637987360,0,0
8.642983360,1,0
8.642987200,1,1
8.647983360,0,1
8.647987200,0,0
8.652983200,1,0
8.652987040,1,1
8.657983200,0,1
8.657987040,0,0
8.662983040,1,0
8.662986880,1,1
8.667983040,0,1
8.667986880,0,0
8.672982880,1,0
8.672986720,1,1
8.677982880,0,1
8.677986880,0,0
8.682982720,1,0
8.682986560,1,1
8.687982560,0,1
8.687986560,0,0
8.692982560,1,0
8.692986400,1,1
8.697982400,0,1
8.697986400,0,0
8.702982400,1,0
8.702986080,1,1
8.707982240,0,1
8.707986080,0,0
8.712982240,1,0
8.712985920,1,1
8.717982080,0,1
8.717985920,0,0
8.722981920,1,0
8.722985760,1,1
8.727981920,0,1
8.727985760,0,0
8.732981760,1,0
8.732985600,1,1
8.737981760,0,1
8.737985600,0,0
8.742981600,1,0
8.742985440,1,1
8.747981600,0,1
8.747985440,0,0
8.752981440,1,0
8.752985280,1,1
8.757981440,0,1
8.757985280,0,0
8.762981280,1,0
8.762985120,1,1
8.767981280,0,1
8.767985120,0,0
8.772981120,1,0
8.772984960,1,1
8.777980960,0,1
8.777984960,0,0
8.782980960,1,0
8.782984800,1,1
8.787980800,0,1
8.787984800,0,0
8.792980800,1,0
8.792984480,1,1
8.797980640,0,1
8.797984480,0,0
8.802980640,1,0
8.802984320,1,1
8.807980480,0,1
8.807984320,0,0
8.812980320,1,0
8.812984160,1,1
8.817980320,0,1
8.817984160,0,0
8.822980160,1,0
8.822984000,1,1
8.827980160,0,1
8.827984000,0,0
8.832980000,1,0
8.832983840,1,1
8.837980000,0,1
8.837983840,0,0
8.842979840,1,0
8.842983680,1,1
8.847979840,0,1
8.847983680,0,0
8.852979680,1,0
8.852983680,1,1
8.857979680,0,1
8.857983520,0,0
8.862979520,1,0
8.862983360,1,1
8.867979360,0,1
8.867983360,0,0
8.872979360,1,0
8.872983040,1,1
8.877979200,0,1
8.877983200,0,0
8.882979200,1,0
8.882982880,1,1
8.887979040,0,1
8.887982880,0,0
8.892979040,1,0
8.892982720,1,1
8.897978880,0,1
8.897982720,0,0
8.902978720,1,0
8.902982560,1,1
8.907978720,0,1
8.907982560,0,0
8.912978560,1,0
8.912982400,1,1
8.917978560,0,1
8.917982400,0,0
8.922978400,1,0
8.922982240,1,1
8.927978400,0,1
8.927982240,0,0
8.932978240,1,0
8.932982080,1,1
8.937978240,0,1
8.937982080,0,0
8.942978080,1,0
8.942981920,1,1
8.947978080,0,1
8.947981920,0,0
8.952977920,1,0
8.952981760,1,1
8.957977760,0,1
8.957981760,0,0
8.962977760,1,0
8.962981440,1,1
8.967977600,0,1
8.967981440,0,0
8.972977600,1,0
8.972981280,1,1
8.977977440,0,1
8.977981280,0,0
8.982977440,1,0
8.982981120,1,1
8.987977280,0,1
8.987981120,0,0
8.992977120,1,0
8.992980960,1,1
8.997977120,0,1
8.997980960,0,0
9.002976960,1,0
9.002980000,1,1
9.007976960,0,1
9.007980000,0,0
9.012976800,1,0
9.012980640,1,1
9.017976800,0,1
9.017980640,0,0
9.022976640,1,0
9.022980480,1,1
9.027976640,0,1
9.027980480,0,0
9.032976480,1,0
9.032980320,1,1
9.037976480,0,1
9.037980320,0,0
9.042976320,1,0
9.042980160,1,1
9.047976160,0,1
9.047980160,0,0
9.052976160,1,0
9.052979840,1,1
9.057976000,0,1
9.057979840,0,0
9.062976000,1,0
9.062979680,1,1
9.067975840,0,1
9.067979680,0,0
9.072975840,1,0
9.072979520,1,1
9.077975680,0,1
9.077979520,0,0
9.082975520,1,0
9.082979360,1,1
9.087975520,0,1
9.087979360,0,0
9.092975360,1,0
9.092979200,1,1
9.097975360,0,1
9.097979200,0,0
9.102975200,1,0
9.102979040,1,1
9.107975200,0,1
9.107979040,0,0
9.112975040,1,0
9.112978880,1,1
9.117975040,0,1
9.117978880,0,0
9.122974880,1,0
9.122978720,1,1
9.127974880,0,1
9.127978720,0,0
9.132974720,1,0
9.132978560,1,1
9.137974560,0,1
9.137978560,0,0
9.142974560,1,0
9.142978240,1,1
9.147974400,0,1
9.147978240,0,0
9.152974400,1,0
9.152978080,1,1
9.157974240,0,1
9.157978080,0,0
9.162974240,1,0
9.162977920,1,1
9.167974080,0,1
9.167977920,0,0
9.172973920,1,0
9.172977760,1,1
9.177973920,0,1
9.177977760,0,0
9.182973760,1,0
9.182977600,1,1
9.187973760,0,1
9.187977760,0,0
9.192973600,1,0
9.192977440,1,1
9.197973600,0,1
9.197977440,0,0
9.202973440,1,0
9.202977280,1,1
9.207973440,0,1
9.207977280,0,0
9.212973280,1,0
9.212977120,1,1
9.217973280,0,1
9.217977120,0,0
9.222973120,1,0
9.222976960,1,1
9.227972960,0,1
9.227976960,0,0
9.232972960,1,0
9.232976640,1,1
9.237972800,0,1
9.237976640,0,0
9.242972800,1,0
9.242976480,1,1
9.247972640,0,1
9.247976480,0,0
9.252972640,1,0
9.252976320,1,1
9.257972480,0,1
9.257976320,0,0
9.262972320,1,0
9.262976160,1,1
9.267972320,0,1
9.267976160,0,0
9.272972160,1,0
9.272976000,1,1
9.277972160,0,1
9.277976000,0,0
9.282972000,1,0
9.282975840,1,1
9.287972000,0,1
9.287975840,0,0
9.292971840,1,0
9.292975680,1,1
9.297971840,0,1
9.297975680,0,0
9.302971680,1,0
9.302975520,1,1
9.307971680,0,1
9.307975520,0,0
9.312971520,1,0
9.312975360,1,1
9.317971360,0,1
9.317975360,0,0
9.322971360,1,0
9.322975040,1,1
9.327971200,0,1
9.327975200,0,0
9.332971200,1,0
9.332974880,1,1
9.337971040,0,1
9.337974880,0,0
9.342971040,1,0
9.342974720,1,1
9.347970880,0,1
9.347974720,0,0
9.352970720,1,0
9.352974560,1,1
9.357970720,0,1
9.357974560,0,0
9.362970560,1,0
9.362974560,1,1
9.367970560,0,1
9.367974400,0,0
9.372970400,1,0
9.372974240,1,1
9.377970400,0,1
9.377974240,0,0
9.382970240,1,0
9.382974080,1,1
9.387970240,0,1
9.387974080,0,0
9.392970080,1,0
9.392973920,1,1
9.397969920,0,1
9.397973920,0,0
9.402969920,1,0
9.402973760,1,1
9.407969760,0,1
9.407973760,0,0
9.412969760,1,0
9.412973600,1,1
9.417969600,0,1
9.417973440,0,0
9.422969600,1,0
9.422973280,1,1
9.427969440,0,1
9.427973280,0,0
9.432969440,1,0
9.432973120,1,1
9.437969280,0,1
9.437973120,0,0
9.442969120,1,0
9.442972960,1,1
9.447969120,0,1
9.447972960,0,0
9.452968960,1,0
9.452972800,1,1
9.457968960,0,1
9.457972800,0,0
9.462968800,1,0
9.462972640,1,1
9.467968800,0,1
9.467972640,0,0
9.472968640,1,0
9.472972480,1,1
9.477968640,0,1
9.477972480,0,0
9.482968480,1,0
9.482972320,1,1
9.487968320,0,1
9.487972320,0,0
9.492968320,1,0
9.492972160,1,1
9.497968160,0,1
9.497972160,0,0
9.502968160,1,0
9.502971840,1,1
9.507968000,0,1
9.507971840,0,0
9.512968000,1,0
9.512970880,1,1
9.517967840,0,1
9.517970880,0,0
9.522967840,1,0
9.522971680,1,1
9.527967680,0,1
9.527971520,0,0
9.532967520,1,0
9.532971360,1,1
9.537967520,0,1
9.537971360,0,0
9.542967360,1,0
9.542971200,1,1
9.547967360,0,1
9.547971200,0,0
9.552967200,1,0
9.552971040,1,1
9.557967200,0,1
9.557971040,0,0
9.562967040,1,0
9.562970880,1,1
9.567967040,0,1
9.567970880,0,0
9.572966880,1,0
9.572970720,1,1
9.577966720,0,1
9.577970720,0,0
9.582966720,1,0
9.582970560,1,1
9.587966560,0,1
9.587970560,0,0
9.592966560,1,0
9.592970240,1,1
9.597966400,0,1
9.597970240,0,0
9.602966400,1,0
9.602970080,1,1
9.607966240,0,1
9.607970080,0,0
9.612966240,1,0
9.612969920,1,1
9.617966080,0,1
9.617969920,0,0
9.622965920,1,0
9.622969760,1,1
9.627965920,0,1
9.627969760,0,0
9.632965760,1,0
9.632969600,1,1
9.637965760,0,1
9.637969600,0,0
9.642965600,1,0
9.642969440,1,1
9.647965600,0,1
9.647969440,0,0
9.652965440,1,0
9.652969280,1,1
9.657965440,0,1
9.657969280,0,0
9.662965280,1,0
9.662969120,1,1
9.667965120,0,1
9.667969120,0,0
9.672965120,1,0
9.672968960,1,1
9.677964960,0,1
9.677968960,0,0
9.682964960,1,0
9.682968640,1,1
9.687964800,0,1
9.687968640,0,0
9.692964800,1,0
9.692968800,1,1
9.697964640,0,1
9.697968480,0,0
9.702964640,1,0
9.702968320,1,1
9.707964480,0,1
9.707968320,0,0
9.712964320,1,0
9.712968160,1,1
9.717964320,0,1
9.717968160,0,0
9.722964160,1,0
9.722968000,1,1
9.727964160,0,1
9.727968000,0,0
9.732964000,1,0
9.732967840,1,1
9.737964000,0,1
9.737967840,0,0
9.742963840,1,0
9.742967680,1,1
9.747963840,0,1
9.747967680,0,0
9.752963680,1,0
9.752967520,1,1
9.757963520,0,1
9.757967520,0,0
9.762963520,1,0
9.762967360,1,1
9.767963360,0,1
9.767967360,0,0
9.772963360,1,0
9.772967040,1,1
9.777963200,0,1
9.777967040,0,0
9.782963200,1,0
9.782966880,1,1
9.787963040,0,1
9.787966880,0,0
9.792962880,1,0
9.792966720,1,1
9.797962880,0,1
9.797966720,0,0
9.802962720,1,0
9.802966560,1,1
9.807962720,0,1
9.807966560,0,0
9.812962560,1,0
9.812966400,1,1
9.817962560,0,1
9.817966400,0,0
9.822962400,1,0
9.822966240,1,1
9.827962400,0,1
9.827966240,0,0
9.832962240,1,0
9.832966080,1,1
9.837962240,0,1
9.837966080,0,0
9.842962080,1,0
9.842965920,1,1
9.847961920,0,1
9.847965920,0,0
9.852961920,1,0
9.852965760,1,1
9.857961760,0,1
9.857965760,0,0
9.862961760,1,0
9.862965440,1,1
9.867961600,0,1
9.867965760,0,0
9.872961600,1,0
9.872965280,1,1
9.877961440,0,1
9.877965280,0,0
9.882961280,1,0
9.882965120,1,1
9.887961280,0,1
9.887965120,0,0
9.892961120,1,0
9.892964960,1,1
9.897961120,0,1
9.897964960,0,0
9.902960960,1,0
9.902964800,1,1
9.907960960,0,1
9.907964800,0,0
9.912960800,1,0
9.912964640,1,1
9.917960800,0,1
9.917964640,0,0
9.922960640,1,0
9.922964480,1,1
9.927960640,0,1
9.927964480,0,0
9.932960480,1,0
9.932964320,1,1
9.937960320,0,1
9.937964320,0,0
9.942960320,1,0
9.942964160,1,1
9.947960160,0,1
9.947964160,0,0
9.952960160,1,0
9.952963840,1,1
9.957960000,0,1
9.957963840,0,0
9.962960000,1,0
9.962963680,1,1
9.967959840,0,1
9.967963680,0,0
9.972959680,1,0
9.972963520,1,1
9.977959680,0,1
9.977963520,0,0
9.982959520,1,0
9.982963360,1,1
9.987959520,0,1
9.987963360,0,0
9.992959360,1,0
9.992963200,1,1
9.997959360,0,1
9.997963200,0,0
10.002959200,1,0
10.002963040,1,1
10.007959200,0,1
10.007963040,0,0
10.012959040,1,0
10.012962880,1,1
10.017959040,0,1
10.017962880,0,0
10.022958880,1,0
10.022961760,1,1
10.027958720,0,1
10.027962880,0,0
10.032958720,1,0
10.032962560,1,1
10.037958560,0,1
10.037962560,0,0
10.042958560,1,0
10.042962240,1,1
10.047958400,0,1
10.047962240,0,0
10.052958400,1,0
10.052962080,1,1
10.057958240,0,1
10.057962080,0,0
10.062958080,1,0
10.062961920,1,1
10.067958080,0,1
10.067961920,0,0
10.072957920,1,0
10.072961760,1,1
10.077957920,0,1
10.077961760,0,0
10.082957760,1,0
10.082961600,1,1
10.087957760,0,1
10.087961600,0,0
10.092957600,1,0
10.092961440,1,1
10.097957600,0,1
10.097961440,0,0
10.102957440,1,0
10.102961280,1,1
10.107957440,0,1
10.107961280,0,0
10.112957280,1,0
10.112961120,1,1
10.117957120,0,1
10.117961120,0,0
10.122957120,1,0
10.122960960,1,1
10.127956960,0,1
10.127960960,0,0
10.132956960,1,0
10.132960640,1,1
10.137956800,0,1
10.137960640,0,0
10.142956800,1,0
10.142960480,1,1
10.147956640,0,1
10.147960480,0,0
10.152956480,1,0
10.152960320,1,1
10.157956480,0,1
10.157960320,0,0
10.162956320,1,0
10.162960160,1,1
10.167956320,0,1
10.167960160,0,0
10.172956160,1,0
10.172960000,1,1
10.177956160,0,1
10.177960000,0,0
10.182956000,1,0
10.182959840,1,1
10.187956000,0,1
10.187959840,0,0
10.192955840,1,0
10.192959680,1,1
10.197955840,0,1
10.197959680,0,0
10.202955680,1,0
10.202959680,1,1
10.207955520,0,1
10.207959520,0,0
10.212955520,1,0
10.212959360,1,1
10.217955360,0,1
10.217959360,0,0
10.222955360,1,0
10.222959040,1,1
10.227955200,0,1
10.227959040,0,0
10.232955200,1,0
10.232958880,1,1
10.237955040,0,1
10.237958880,0,0
10.242954880,1,0
10.242958720,1,1
10.247954880,0,1
10.247958720,0,0
10.252954720,1,0
10.252958560,1,1
10.257954720,0,1
10.257958560,0,0
10.262954560,1,0
10.262958400,1,1
10.267954560,0,1
10.267958400,0,0
10.272954400,1,0
10.272958240,1,1
10.277954400,0,1
10.277958240,0,0
10.282954240,1,0
10.282958080,1,1
10.287954240,0,1
10.287958080,0,0
10.292954080,1,0
10.292957920,1,1
10.297953920,0,1
10.297957920,0,0
10.302953920,1,0
10.302957760,1,1
10.307953760,0,1
10.307957760,0,0
10.312953760,1,0
10.312957440,1,1
10.317953600,0,1
10.317957440,0,0
10.322953600,1,0
10.322957280,1,1
10.327953440,0,1
10.327957280,0,0
10.332953280,1,0
10.332957120,1,1
10.337953280,0,1
10.337957120,0,0
10.342953120,1,0
10.342956960,1,1
10.347953120,0,1
10.347956960,0,0
10.352952960,1,0
10.352956800,1,1
10.357952960,0,1
10.357956800,0,0
10.362952800,1,0
10.362956640,1,1
10.367952800,0,1
10.367956640,0,0
10.372952640,1,0
10.372956480,1,1
10.377952640,0,1
10.377956480,0,0
10.382952480,1,0
10.382956320,1,1
10.387952320,0,1
10.387956320,0,0
10.392952320,1,0
10.392956160,1,1
10.397952160,0,1
10.397956160,0,0
10.402952160,1,0
10.402955840,1,1
10.407952000,0,1
10.407955840,0,0
10.412952000,1,0
10.412955680,1,1
10.417951840,0,1
10.417955680,0,0
10.422951680,1,0
10.422955520,1,1
10.427951680,0,1
10.427955520,0,0
10.432951520,1,0
10.432955360,1,1
10.437951520,0,1
10.437955360,0,0
10.442951360,1,0
10.442955200,1,1
10.447951360,0,1
10.447955200,0,0
10.452951200,1,0
10.452955040,1,1
10.457951200,0,1
10.457955040,0,0
10.462951040,1,0
10.462954880,1,1
10.467951040,0,1
10.467954880,0,0
10.472950880,1,0
10.472954720,1,1
10.477950720,0,1
10.477954720,0,0
10.482950720,1,0
10.482954560,1,1
10.487950560,0,1
10.487954400,0,0
10.492950560,1,0
10.492954240,1,1
10.497950400,0,1
10.497954240,0,0
10.502950400,1,0
10.502954080,1,1
10.507950240,0,1
10.507954080,0,0
10.512950080,1,0
10.512953920,1,1
10.517950080,0,1
10.517953920,0,0
10.522949920,1,0
10.522953760,1,1
10.527949920,0,1
10.527952960,0,0
10.532949760,1,0
10.532952800,1,1
10.537949760,0,1
10.537953760,0,0
10.542949600,1,0
10.542953440,1,1
10.547949600,0,1
10.547953440,0,0
10.552949440,1,0
10.552953280,1,1
10.557949280,0,1
10.557953280,0,0
10.562949280,1,0
10.562953120,1,1
10.567949120,0,1
10.567953120,0,0
10.572949120,1,0
10.572952800,1,1
10.577948960,0,1
10.577952800,0,0
10.582948960,1,0
10.582952640,1,1
10.587948800,0,1
10.587952640,0,0
10.592948800,1,0
10.592952480,1,1
10.597948640,0,1
10.597952480,0,0
10.602948480,1,0
10.602952320,1,1
10.607948480,0,1
10.607952320,0,0
10.612948320,1,0
10.612952160,1,1
10.617948320,0,1
10.617952160,0,0
10.622948160,1,0
10.622952000,1,1
10.627948160,0,1
10.627952000,0,0
10.632948000,1,0
10.632951840,1,1
10.637948000,0,1
10.637951840,0,0
10.642947840,1,0
10.642951680,1,1
10.647947680,0,1
10.647951680,0,0
10.652947680,1,0
10.652951520,1,1
10.657947520,0,1
10.657951520,0,0
10.662947520,1,0
10.662951200,1,1
10.667947360,0,1
10.667951200,0,0
10.672947360,1,0
10.672951040,1,1
10.677947200,0,1
10.677951040,0,0
10.682947200,1,0
10.682950880,1,1
10.687947040,0,1
10.687950880,0,0
10.692946880,1,0
10.692950720,1,1
10.697946880,0,1
10.697950720,0,0
10.702946720,1,0
10.702950560,1,1
10.707946720,0,1
10.707950560,0,0
10.712946560,1,0
10.712950400,1,1
10.717946560,0,1
10.717950400,0,0
10.722946400,1,0
10.722950240,1,1
10.727946400,0,1
10.727950240,0,0
10.732946240,1,0
10.732950080,1,1
10.737946080,0,1
10.737950080,0,0
10.742946080,1,0
10.742949920,1,1
10.747945920,0,1
10.747949920,0,0
10.752945920,1,0
10.752949600,1,1
10.757945760,0,1
10.757949600,0,0
10.762945760,1,0
10.762949440,1,1
10.767945600,0,1
10.767949440,0,0
10.772945440,1,0
10.772949280,1,1
10.777945440,0,1
10.777949280,0,0
10.782945280,1,0
10.782949120,1,1
10.787945280,0,1
10.787949120,0,0
10.792945120,1,0
10.792948960,1,1
10.797945120,0,1
10.797948960,0,0
10.802944960,1,0
10.802948800,1,1
10.807944960,0,1
10.807948800,0,0
10.812944800,1,0
10.812948640,1,1
10.817944800,0,1
10.817948640,0,0
10.822944640,1,0
10.822948480,1,1
10.827944480,0,1
10.827948480,0,0
10.832944480,1,0
10.832948320,1,1
10.837944320,0,1
10.837948320,0,0
10.842944320,1,0
10.842948000,1,1
10.847944160,0,1
10.847948000,0,0
10.852944160,1,0
10.852947840,1,1
10.857944000,0,1
10.857947840,0,0
10.862943840,1,0
10.862947680,1,1
10.867943840,0,1
10.867947680,0,0
10.872943680,1,0
10.872947520,1,1
10.877943680,0,1
10.877947520,0,0
10.882943520,1,0
10.882947360,1,1
10.887943520,0,1
10.887947520,0,0
10.892943360,1,0
10.892947200,1,1
10.897943360,0,1
10.897947200,0,0
10.902943200,1,0
10.902947040,1,1
10.907943200,0,1
10.907947040,0,0
10.912943040,1,0
10.912946880,1,1
10.917942880,0,1
10.917946880,0,0
10.922942880,1,0
10.922946720,1,1
10.927942720,0,1
10.927946720,0,0
10.932942720,1,0
10.932946400,1,1
10.937942560,0,1
10.937946400,0,0
10.942942560,1,0
10.942946240,1,1
10.947942400,0,1
10.947946240,0,0
10.952942240,1,0
10.952946080,1,1
10.957942240,0,1
10.957946080,0,0
10.962942080,1,0
10.962945920,1,1
10.967942080,0,1
10.967945920,0,0
10.972941920,1,0
10.972945760,1,1
10.977941920,0,1
10.977945760,0,0
10.982941760,1,0
10.982945600,1,1
10.987941760,0,1
10.987945600,0,0
10.992941600,1,0
10.992945440,1,1
10.997941600,0,1
10.997945440,0,0
11.002941440,1,0
11.002945280,1,1
11.007941280,0,1
11.007945280,0,0
11.012941280,1,0
11.012945120,1,1
11.017941120,0,1
11.017945120,0,0
11.022941120,1,0
11.022944800,1,1
11.027940960,0,1
11.027944800,0,0
11.032940960,1,0
11.032944640,1,1
11.037940800,0,1
11.037943840,0,0
11.042940640,1,0
11.042944800,1,1
11.047940640,0,1
11.047944480,0,0
11.052940480,1,0
11.052944320,1,1
11.057940480,0,1
11.057944320,0,0
11.062940320,1,0
11.062944160,1,1
11.067940320,0,1
11.067944160,0,0
11.072940160,1,0
11.072944000,1,1
11.077940160,0,1
11.077944000,0,0
11.082940000,1,0
11.082943840,1,1
11.087940000,0,1
11.087943840,0,0
11.092939840,1,0
11.092943680,1,1
11.097939680,0,1
11.097943680,0,0
11.102939680,1,0
11.102943360,1,1
11.107939520,0,1
11.107943520,0,0
11.112939520,1,0
11.112943200,1,1
11.117939360,0,1
11.117943200,0,0
11.122939360,1,0
11.122943040,1,1
11.127939200,0,1
11.127943040,0,0
11.132939040,1,0
11.132942880,1,1
11.137939040,0,1
11.137942880,0,0
11.142938880,1,0
11.142942720,1,1
11.147938880,0,1
11.147942720,0,0
11.152938720,1,0
11.152942560,1,1
11.157938720,0,1
11.157942560,0,0
11.162938560,1,0
11.162942400,1,1
11.167938560,0,1
11.167942400,0,0
11.172938400,1,0
11.172942240,1,1
11.177938400,0,1
11.177942240,0,0
11.182938240,1,0
11.182942080,1,1
11.187938080,0,1
11.187942080,0,0
11.192938080,1,0
11.192941760,1,1
11.197937920,0,1
11.197941760,0,0
11.202937920,1,0
11.202941600,1,1
11.207937760,0,1
11.207941600,0,0
11.212937760,1,0
11.212941440,1,1
11.217937600,0,1
11.217941760,0,0
11.222937440,1,0
11.222941280,1,1
11.227937440,0,1
11.227941280,0,0
11.232937280,1,0
11.232941120,1,1
11.237937280,0,1
11.237941120,0,0
11.242937120,1,0
11.242940960,1,1
11.247937120,0,1
11.247940960,0,0
11.252936960,1,0
11.252940800,1,1
11.257936960,0,1
11.257940800,0,0
11.262936800,1,0
11.262940640,1,1
11.267936800,0,1
11.267940640,0,0
11.272936640,1,0
11.272940480,1,1
11.277936480,0,1
11.277940480,0,0
11.282936480,1,0
11.282940160,1,1
11.287936320,0,1
11.287940160,0,0
11.292936320,1,0
11.292940000,1,1
11.297936160,0,1
11.297940000,0,0
11.302936160,1,0
11.302939840,1,1
11.307936000,0,1
11.307939840,0,0
11.312935840,1,0
11.312939680,1,1
11.317935840,0,1
11.317939680,0,0
11.322935680,1,0
11.322939520,1,1
11.327935680,0,1
11.327939520,0,0
11.332935520,1,0
11.332939360,1,1
11.337935520,0,1
11.337939360,0,0
11.342935360,1,0
11.342939200,1,1
11.347935360,0,1
11.347939200,0,0
11.352935200,1,0
11.352939040,1,1
11.357935040,0,1
11.357939040,0,0
11.362935040,1,0
11.362938880,1,1
11.367934880,0,1
11.367938880,0,0
11.372934880,1,0
11.372938720,1,1
11.377934720,0,1
11.377938560,0,0
11.382934720,1,0
11.382938400,1,1
11.387934560,0,1
11.387938400,0,0
11.392934560,1,0
11.392938560,1,1
11.397934400,0,1
11.397938240,0,0
11.402934240,1,0
11.402938080,1,1
11.407934240,0,1
11.407938080,0,0
11.412934080,1,0
11.412937920,1,1
11.417934080,0,1
11.417937920,0,0
11.422933920,1,0
11.422937760,1,1
11.427933920,0,1
11.427937760,0,0
11.432933760,1,0
11.432937600,1,1
11.437933760,0,1
11.437937600,0,0
11.442933600,1,0
11.442937440,1,1
11.447933440,0,1
11.447937440,0,0
11.452933440,1,0
11.452937280,1,1
11.457933280,0,1
11.457937280,0,0
11.462933280,1,0
11.462936960,1,1
11.467933120,0,1
11.467936960,0,0
11.472933120,1,0
11.472936800,1,1
11.477932960,0,1
11.477936800,0,0
11.482932960,1,0
11.482936640,1,1
11.487932800,0,1
11.487936640,0,0
11.492932640,1,0
11.492936480,1,1
11.497932640,0,1
11.497936480,0,0
11.502932480,1,0
11.502936320,1,1
11.507932480,0,1
11.507936320,0,0
11.512932320,1,0
11.512936160,1,1
11.517932320,0,1
11.517936160,0,0
11.522932160,1,0
11.522936000,1,1
11.527932160,0,1
11.527936000,0,0
11.532932000,1,0
11.532935840,1,1
11.537931840,0,1
11.537935840,0,0
11.542931840,1,0
11.542934880,1,1
11.547931680,0,1
11.547934720,0,0
11.552931680,1,0
11.552935520,1,1
11.557931520,0,1
11.557935520,0,0
11.562931520,1,0
11.562935200,1,1
11.567931360,0,1
11.567935200,0,0
11.572931200,1,0
11.572935040,1,1
11.577931200,0,1
11.577935040,0,0
11.582931040,1,0
11.582934880,1,1
11.587931040,0,1
11.587934880,0,0
11.592930880,1,0
11.592934720,1,1
11.597930880,0,1
11.597934720,0,0
11.602930720,1,0
11.602934560,1,1
11.607930720,0,1
11.607934560,0,0
11.612930560,1,0
11.612934400,1,1
11.617930560,0,1
11.617934400,0,0
11.622930400,1,0
11.622934240,1,1
11.627930240,0,1
11.627934240,0,0
11.632930240,1,0
11.632934080,1,1
11.637930080,0,1
11.637934080,0,0
11.642930080,1,0
11.642933760,1,1
11.647929920,0,1
11.647933760,0,0
11.652929920,1,0
11.652933600,1,1
11.657929760,0,1
11.657933600,0,0
11.662929600,1,0
11.662933440,1,1
11.667929600,0,1
11.667933440,0,0
11.672929440,1,0
11.672933280,1,1
11.677929440,0,1
11.677933280,0,0
11.682929280,1,0
11.682933120,1,1
11.687929280,0,1
11.687933120,0,0
11.692929120,1,0
11.692932960,1,1
11.697929120,0,1
11.697932960,0,0
11.702928960,1,0
11.702932800,1,1
11.707928960,0,1
11.707932800,0,0
11.712928800,1,0
11.712932640,1,1
11.717928640,0,1
11.717932640,0,0
11.722928640,1,0
11.722932480,1,1
11.727928480,0,1
11.727932480,0,0
11.732928480,1,0
11.732932160,1,1
11.737928320,0,1
11.737932160,0,0
11.742928320,1,0
11.742932000,1,1
11.747928160,0,1
11.747932000,0,0
11.752928000,1,0
11.752931840,1,1
11.757928000,0,1
11.757931840,0,0
11.762927840,1,0
11.762931680,1,1
11.767927840,0,1
11.767931680,0,0
11.772927680,1,0
11.772931520,1,1
11.777927680,0,1
11.777931520,0,0
11.782927520,1,0
11.782931360,1,1
11.787927520,0,1
11.787931360,0,0
11.792927360,1,0
11.792931200,1,1
11.797927360,0,1
11.797931200,0,0
11.802927200,1,0
11.802931040,1,1
11.807927040,0,1
11.807931040,0,0
11.812927040,1,0
11.812930720,1,1
11.817926880,0,1
11.817930880,0,0
11.822926880,1,0
11.822930560,1,1
11.827926720,0,1
11.827930560,0,0
11.832926720,1,0
11.832930400,1,1
11.837926560,0,1
11.837930400,0,0
11.842926400,1,0
11.842930240,1,1
11.847926400,0,1
11.847930240,0,0
11.852926240,1,0
11.852930080,1,1
11.857926240,0,1
11.857930080,0,0
11.862926080,1,0
11.862929920,1,1
11.867926080,0,1
11.867929920,0,0
11.872925920,1,0
11.872929760,1,1
11.877925920,0,1
11.877929760,0,0
11.882925760,1,0
11.882929600,1,1
11.887925760,0,1
11.887929600,0,0
11.892925600,1,0
11.892929440,1,1
11.897925440,0,1
11.897929440,0,0
11.902925440,1,0
11.902929280,1,1
11.907925280,0,1
11.907929280,0,0
11.912925280,1,0
11.912928960,1,1
11.917925120,0,1
11.917928960,0,0
11.922925120,1,0
11.922928800,1,1
11.927924960,0,1
11.927928800,0,0
11.932924800,1,0
11.932928640,1,1
11.937924800,0,1
11.937928640,0,0
11.942924640,1,0
11.942928480,1,1
11.947924640,0,1
11.947928480,0,0
11.952924480,1,0
11.952928320,1,1
11.957924480,0,1
11.957928320,0,0
11.962924320,1,0
11.962928160,1,1
11.967924320,0,1
11.967928160,0,0
11.972924160,1,0
11.972928000,1,1
11.977924160,0,1
11.977928000,0,0
11.982924000,1,0
11.982927840,1,1
11.987923840,0,1
11.987927840,0,0
11.992923840,1,0
11.992927520,1,1
11.997923680,0,1
11.997927520,0,0
12.002923680,1,0
12.002927360,1,1
12.007923520,0,1
12.007927360,0,0
12.012923520,1,0
12.012927200,1,1
12.017923360,0,1
12.017927200,0,0
12.022923200,1,0
12.022927040,1,1
12.027923200,0,1
12.027927040,0,0
12.032923040,1,0
12.032926880,1,1
12.037923040,0,1
12.037926880,0,0
12.042922880,1,0
12.042926720,1,1
12.047922880,0,1
12.047926720,0,0
12.052922720,1,0
12.052925760,1,1
12.057922720,0,1
12.057925760,0,0
12.062922560,1,0
12.062926400,1,1
12.067922400,0,1
12.067926400,0,0
12.072922400,1,0
12.072926240,1,1
12.077922240,0,1
12.077926240,0,0
12.082922240,1,0
12.082925920,1,1
12.087922080,0,1
12.087925920,0,0
12.092922080,1,0
12.092925760,1,1
12.097921920,0,1
12.097925760,0,0
12.102921920,1,0
12.102925600,1,1
12.107921760,0,1
12.107925600,0,0
12.112921600,1,0
12.112925440,1,1
12.117921600,0,1
12.117925440,0,0
12.122921440,1,0
12.122925280,1,1
12.127921440,0,1
12.127925280,0,0
12.132921280,1,0
12.132925120,1,1
12.137921280,0,1
12.137925120,0,0
12.142921120,1,0
12.142924960,1,1
12.147921120,0,1
12.147924960,0,0
12.152920960,1,0
12.152924800,1,1
12.157920800,0,1
12.157924800,0,0
12.162920800,1,0
12.162924640,1,1
12.167920640,0,1
12.167924640,0,0
12.172920640,1,0
12.172924320,1,1
12.177920480,0,1
12.177924320,0,0
12.182920480,1,0
12.182924160,1,1
12.187920320,0,1
12.187924160,0,0
12.192920160,1,0
12.192924000,1,1
12.197920160,0,1
12.197924000,0,0
12.202920000,1,0
12.202923840,1,1
12.207920000,0,1
12.207923840,0,0
12.212919840,1,0
12.212923680,1,1
12.217919840,0,1
12.217923680,0,0
12.222919680,1,0
12.222923520,1,1
12.227919680,0,1
12.227923520,0,0
12.232919520,1,0
12.232923360,1,1
12.237919520,0,1
12.237923360,0,0
12.242919360,1,0
12.242923200,1,1
12.247919200,0,1
12.247923200,0,0
12.252919200,1,0
12.252923040,1,1
12.257919040,0,1
12.257923040,0,0
12.262919040,1,0
12.262922720,1,1
12.267918880,0,1
12.267922720,0,0
12.272918880,1,0
12.272922560,1,1
12.277918720,0,1
12.277922560,0,0
12.282918560,1,0
12.282922400,1,1
12.287918560,0,1
12.287922400,0,0
12.292918400,1,0
12.292922240,1,1
12.297918400,0,1
12.297922240,0,0
12.302918240,1,0
12.302922080,1,1
12.307918240,0,1
12.307922080,0,0
12.312918080,1,0
12.312921920,1,1
12.317918080,0,1
12.317921920,0,0
12.322917920,1,0
12.322921760,1,1
12.327917920,0,1
12.327921760,0,0
12.332917760,1,0
12.332921600,1,1
12.337917600,0,1
12.337921600,0,0
12.342917600,1,0
12.342921440,1,1
12.347917440,0,1
12.347921440,0,0
12.352917440,1,0
12.352921120,1,1
12.357917280,0,1
12.357921120,0,0
12.362917280,1,0
12.362920960,1,1
12.367917120,0,1
12.367920960,0,0
12.372916960,1,0
12.372920800,1,1
12.377916960,0,1
12.377920800,0,0
12.382916800,1,0
12.382920640,1,1
12.387916800,0,1
12.387920640,0,0
12.392916640,1,0
12.392920480,1,1
12.397916640,0,1
12.397920480,0,0
12.402916480,1,0
12.402920320,1,1
12.407916480,0,1
12.407920480,0,0
12.412916320,1,0
12.412920160,1,1
12.417916320,0,1
12.417920160,0,0
12.422916160,1,0
12.422920000,1,1
12.427916000,0,1
12.427920000,0,0
12.432916000,1,0
12.432919680,1,1
12.437915840,0,1
12.437919680,0,0
12.442915840,1,0
12.442919520,1,1
12.447915680,0,1
12.447919520,0,0
12.452915680,1,0
12.452919360,1,1
12.457915520,0,1
12.457919360,0,0
12.462915360,1,0
12.462919200,1,1
12.467915360,0,1
12.467919200,0,0
12.472915200,1,0
12.472919040,1,1
12.477915200,0,1
12.477919040,0,0
12.482915040,1,0
12.482918880,1,1
12.487915040,0,1
12.487918880,0,0
12.492914880,1,0
12.492918720,1,1
12.497914880,0,1
12.497918720,0,0
12.502914720,1,0
12.502918560,1,1
12.507914720,0,1
12.507918560,0,0
12.512914560,1,0
12.512918400,1,1
12.517914400,0,1
12.517918400,0,0
12.522914400,1,0
12.522918080,1,1
12.527914240,0,1
12.527918080,0,0
12.532914240,1,0
12.532917920,1,1
12.537914080,0,1
12.537917920,0,0
12.542914080,1,0
12.542917760,1,1
12.547913920,0,1
12.547917760,0,0
12.552913760,1,0
12.552917600,1,1
12.557913760,0,1
12.557917600,0,0
12.562913600,1,0
12.562916640,1,1
12.567913600,0,1
12.567917760,0,0
12.572913440,1,0
12.572917280,1,1
12.577913440,0,1
12.577917280,0,0
12.582913280,1,0
12.582917120,1,1
12.587913280,0,1
12.587917120,0,0
12.592913120,1,0
12.592916960,1,1
12.597912960,0,1
12.597916960,0,0
12.602912960,1,0
12.602916800,1,1
12.607912800,0,1
12.607916800,0,0
12.612912800,1,0
12.612916480,1,1
12.617912640,0,1
12.617916480,0,0
12.622912640,1,0
12.622916320,1,1
12.627912480,0,1
12.627916320,0,0
12.632912480,1,0
12.632916160,1,1
12.637912320,0,1
12.637916160,0,0
12.642912160,1,0
12.642916000,1,1
12.647912160,0,1
12.647916000,0,0
12.652912000,1,0
12.652915840,1,1
12.657912000,0,1
12.657915840,0,0
12.662911840,1,0
12.662915680,1,1
12.667911840,0,1
12.667915680,0,0
12.672911680,1,0
12.672915520,1,1
12.677911680,0,1
12.677915520,0,0
12.682911520,1,0
12.682915360,1,1
12.687911360,0,1
12.687915360,0,0
12.692911360,1,0
12.692915200,1,1
12.697911200,0,1
12.697915200,0,0
12.702911200,1,0
12.702914880,1,1
12.707911040,0,1
12.707914880,0,0
12.712911040,1,0
12.712914720,1,1
12.717910880,0,1
12.717914720,0,0
12.722910720,1,0
12.722914560,1,1
12.727910720,0,1
12.727914560,0,0
12.732910560,1,0
12.732914400,1,1
12.737910560,0,1
12.737914400,0,0
12.742910400,1,0
12.742914400,1,1
12.747910400,0,1
12.747914240,0,0
12.752910240,1,0
12.752914080,1,1
12.757910240,0,1
12.757914080,0,0
12.762910080,1,0
12.762913920,1,1
12.767910080,0,1
12.767913920,0,0
12.772909920,1,0
12.772913760,1,1
12.777909760,0,1
12.777913760,0,0
12.782909760,1,0
12.782913600,1,1
12.787909600,0,1
12.787913600,0,0
12.792909600,1,0
12.792913280,1,1
12.797909440,0,1
12.797913280,0,0
12.802909440,1,0
12.802913120,1,1
12.807909280,0,1
12.807913120,0,0
12.812909120,1,0
12.812912960,1,1
12.817909120,0,1
12.817912960,0,0
12.822908960,1,0
12.822912800,1,1
12.827908960,0,1
12.827912800,0,0
12.832908800,1,0
12.832912640,1,1
12.837908800,0,1
12.837912640,0,0
12.842908640,1,0
12.842912480,1,1
12.847908640,0,1
12.847912480,0,0
12.852908480,1,0
12.852912320,1,1
12.857908480,0,1
12.857912320,0,0
12.862908320,1,0
12.862912160,1,1
12.867908160,0,1
12.867912160,0,0
12.872908160,1,0
12.872912000,1,1
12.877908000,0,1
12.877912000,0,0
12.882908000,1,0
12.882911680,1,1
12.887907840,0,1
12.887911680,0,0
12.892907840,1,0
12.892911520,1,1
12.897907680,0,1
12.897911520,0,0
12.902907520,1,0
12.902911360,1,1
12.907907520,0,1
12.907911360,0,0
12.912907360,1,0
12.912911200,1,1
12.917907360,0,1
12.917911360,0,0
12.922907200,1,0
12.922911040,1,1
12.927907200,0,1
12.927911040,0,0
12.932907040,1,0
12.932910880,1,1
12.937907040,0,1
12.937910880,0,0
12.942906880,1,0
12.942910720,1,1
12.947906880,0,1
12.947910720,0,0
12.952906720,1,0
12.952910560,1,1
12.957906560,0,1
12.957910560,0,0
12.962906560,1,0
12.962910240,1,1
12.967906400,0,1
12.967910240,0,0
12.972906400,1,0
12.972910080,1,1
12.977906240,0,1
12.977910080,0,0
12.982906240,1,0
12.982909920,1,1
12.987906080,0,1
12.987909920,0,0
12.992905920,1,0
12.992909760,1,1
12.997905920,0,1
12.997909760,0,0
13.002905760,1,0
13.002909600,1,1
13.007905760,0,1
13.007909600,0,0
13.012905600,1,0
13.012909440,1,1
13.017905600,0,1
13.017909440,0,0
13.022905440,1,0
13.022909280,1,1
13.027905440,0,1
13.027909280,0,0
13.032905280,1,0
13.032909120,1,1
13.037905280,0,1
13.037909120,0,0
13.042905120,1,0
13.042908960,1,1
13.047904960,0,1
13.047908960,0,0
13.052904960,1,0
13.052908800,1,1
13.057904800,0,1
13.057908640,0,0
13.062904800,1,0
13.062908480,1,1
13.067904640,0,1
13.067907680,0,0
13.072904640,1,0
13.072907520,1,1
13.077904480,0,1
13.077908480,0,0
13.082904320,1,0
13.082908160,1,1
13.087904320,0,1
13.087908160,0,0
13.092904160,1,0
13.092908000,1,1
13.097904160,0,1
13.097908000,0,0
13.102904000,1,0
13.102907840,1,1
13.107904000,0,1
13.107907840,0,0
13.112903840,1,0
13.112907680,1,1
13.117903840,0,1
13.117907680,0,0
13.122903680,1,0
13.122907520,1,1
13.127903520,0,1
13.127907520,0,0
13.132903520,1,0
13.132907360,1,1
13.137903360,0,1
13.137907360,0,0
13.142903360,1,0
13.142907040,1,1
13.147903200,0,1
13.147907040,0,0
13.152903200,1,0
13.152906880,1,1
13.157903040,0,1
13.157906880,0,0
13.162903040,1,0
13.162906720,1,1
13.167902880,0,1
13.167906720,0,0
13.172902720,1,0
13.172906560,1,1
13.177902720,0,1
13.177906560,0,0
13.182902560,1,0
13.182906400,1,1
13.187902560,0,1
13.187906400,0,0
13.192902400,1,0
13.192906240,1,1
13.197902400,0,1
13.197906240,0,0
13.202902240,1,0
13.202906080,1,1
13.207902240,0,1
13.207906080,0,0
13.212902080,1,0
13.212905920,1,1
13.217901920,0,1
13.217905920,0,0
13.222901920,1,0
13.222905760,1,1
13.227901760,0,1
13.227905760,0,0
13.232901760,1,0
13.232905440,1,1
13.237901600,0,1
13.237905440,0,0
13.242901600,1,0
13.242905280,1,1
13.247901440,0,1
13.247905280,0,0
13.252901280,1,0
13.252905280,1,1
13.257901280,0,1
13.257905120,0,0
13.262901120,1,0
13.262904960,1,1
13.267901120,0,1
13.267904960,0,0
13.272900960,1,0
13.272904800,1,1
13.277900960,0,1
13.277904800,0,0
13.282900800,1,0
13.282904640,1,1
13.287900800,0,1
13.287904640,0,0
13.292900640,1,0
13.292904480,1,1
13.297900640,0,1
13.297904480,0,0
13.302900480,1,0
13.302904320,1,1
13.307900320,0,1
13.307904320,0,0
13.312900320,1,0
13.312904160,1,1
13.317900160,0,1
13.317904160,0,0
13.322900160,1,0
13.322903840,1,1
13.327900000,0,1
13.327903840,0,0
13.332900000,1,0
13.332903680,1,1
13.337899840,0,1
13.337903680,0,0
13.342899680,1,0
13.342903520,1,1
13.347899680,0,1
13.347903520,0,0
13.352899520,1,0
13.352903360,1,1
13.357899520,0,1
13.357903360,0,0
13.362899360,1,0
13.362903200,1,1
13.367899360,0,1
13.367903200,0,0
13.372899200,1,0
13.372903040,1,1
13.377899200,0,1
13.377903040,0,0
13.382899040,1,0
13.382902880,1,1
13.387899040,0,1
13.387902880,0,0
13.392898880,1,0
13.392902720,1,1
13.397898720,0,1
13.397902720,0,0
13.402898720,1,0
13.402902560,1,1
13.407898560,0,1
13.407902560,0,0
13.412898560,1,0
13.412902240,1,1
13.417898400,0,1
13.417902240,0,0
13.422898400,1,0
13.422902080,1,1
13.427898240,0,1
13.427902240,0,0
13.432898080,1,0
13.432901920,1,1
13.437898080,0,1
13.437901920,0,0
13.442897920,1,0
13.442901760,1,1
13.447897920,0,1
13.447901760,0,0
13.452897760,1,0
13.452901600,1,1
13.457897760,0,1
13.457901600,0,0
13.462897600,1,0
13.462901440,1,1
13.467897600,0,1
13.467901440,0,0
13.472897440,1,0
13.472901280,1,1
13.477897440,0,1
13.477901280,0,0
13.482897280,1,0
13.482901120,1,1
13.487897120,0,1
13.487901120,0,0
13.492897120,1,0
13.492900800,1,1
13.497896960,0,1
13.497900800,0,0
13.502896960,1,0
13.502900640,1,1
13.507896800,0,1
13.507900640,0,0
13.512896800,1,0
13.512900480,1,1
13.517896640,0,1
13.517900480,0,0
13.522896480,1,0
13.522900320,1,1
13.527896480,0,1
13.527900320,0,0
13.532896320,1,0
13.532900160,1,1
13.537896320,0,1
13.537900160,0,0
13.542896160,1,0
13.542900000,1,1
13.547896160,0,1
13.547900000,0,0
13.552896000,1,0
13.552899840,1,1
13.557896000,0,1
13.557899840,0,0
13.562895840,1,0
13.562899680,1,1
13.567895840,0,1
13.567899680,0,0
13.572895680,1,0
13.572899520,1,1
13.577895520,0,1
13.577898720,0,0
13.582895520,1,0
13.582899520,1,1
13.587895360,0,1
13.587899360,0,0
13.592895360,1,0
13.592899040,1,1
13.597895200,0,1
13.597899040,0,0
13.602895200,1,0
13.602898880,1,1
13.607895040,0,1
13.607898880,0,0
13.612894880,1,0
13.612898720,1,1
13.617894880,0,1
13.617898720,0,0
13.622894720,1,0
13.622898560,1,1
13.627894720,0,1
13.627898560,0,0
13.632894560,1,0
13.632898400,1,1
13.637894560,0,1
13.637898400,0,0
13.642894400,1,0
13.642898240,1,1
13.647894400,0,1
13.647898240,0,0
13.652894240,1,0
13.652898080,1,1
13.657894080,0,1
13.657898080,0,0
13.662894080,1,0
13.662897920,1,1
13.667893920,0,1
13.667897920,0,0
13.672893920,1,0
13.672897600,1,1
13.677893760,0,1
13.677897600,0,0
13.682893760,1,0
13.682897440,1,1
13.687893600,0,1
13.687897440,0,0
13.692893600,1,0
13.692897280,1,1
13.697893440,0,1
13.697897280,0,0
13.702893280,1,0
13.702897120,1,1
13.707893280,0,1
13.707897120,0,0
13.712893120,1,0
13.712896960,1,1
13.717893120,0,1
13.717896960,0,0
13.722892960,1,0
13.722896800,1,1
13.727892960,0,1
13.727896800,0,0
13.732892800,1,0
13.732896640,1,1
13.737892800,0,1
13.737896640,0,0
13.742892640,1,0
13.742896480,1,1
13.747892480,0,1
13.747896480,0,0
13.752892480,1,0
13.752896320,1,1
14.638120960,1,1
